{"cameraMode":{"drawMode":0,"name":"Shaded","section":"Shading Mode"},"sceneLighting":true,"audioPlay":false,"sceneViewState":{"showFog":true,"showMaterialUpdate":false,"showSkybox":true,"showFlares":true,"showImageEffects":true,"showParticleSystems":true},"in2DMode":false,"pivot":{"x":40.309783935546878,"y":58.81824493408203,"z":-478.6612243652344},"rotation":{"x":-0.1729116141796112,"y":0.7610734701156616,"z":-0.22571717202663423,"w":-0.5830270648002625},"size":28.446008682250978,"orthographic":false}