{"cameraMode":{"drawMode":0,"name":"Shaded","section":"Shading Mode"},"sceneLighting":false,"audioPlay":false,"sceneViewState":{"showFog":true,"showMaterialUpdate":false,"showSkybox":true,"showFlares":true,"showImageEffects":true,"showParticleSystems":true},"in2DMode":false,"pivot":{"x":-59.98995590209961,"y":-16.4682559967041,"z":-521.6224975585938},"rotation":{"x":-0.34397438168525698,"y":0.37575316429138186,"z":-0.1526193469762802,"w":-0.846875786781311},"size":3.452526569366455,"orthographic":false}