{"cameraMode":{"drawMode":0,"name":"Shaded","section":"Shading Mode"},"sceneLighting":false,"audioPlay":false,"sceneViewState":{"showFog":true,"showMaterialUpdate":false,"showSkybox":true,"showFlares":true,"showImageEffects":true,"showParticleSystems":true},"in2DMode":false,"pivot":{"x":9.63676929473877,"y":10.375076293945313,"z":487.74249267578127},"rotation":{"x":-0.20528872311115266,"y":0.2849901616573334,"z":-0.06262651830911637,"w":-0.9341922402381897},"size":3.452479839324951,"orthographic":false}