{"cameraMode":{"drawMode":0,"name":"Shaded","section":"Shading Mode"},"sceneLighting":false,"audioPlay":false,"sceneViewState":{"showFog":true,"showMaterialUpdate":false,"showSkybox":true,"showFlares":true,"showImageEffects":true,"showParticleSystems":true},"in2DMode":false,"pivot":{"x":0.0006894469261169434,"y":-0.004511967301368713,"z":0.0},"rotation":{"x":-0.21020425856113435,"y":0.015248775482177735,"z":-0.0032787956297397615,"w":-0.9775330424308777},"size":3.3829898834228517,"orthographic":false}